ID,Module title,Higher annotation,,,,,,,,,,,,,,,,,,,,,
M0,targets of FOSL1/2,myeloid cells/inflammation,,,,,,,,,,,,,,,,,,,,,
M1.0,integrin cell surface interactions (I),others,,,,,,,,,,,,,,,,,,,,,
M1.1,integrin cell surface interactions (II),others,,,,,,,,,,,,,,,,,,,,,
M2.0,extracellular matrix (I),others,,,,,,,,,,,,,,,,,,,,,
M2.1,extracellular matrix (II),others,,,,,,,,,,,,,,,,,,,,,
M2.2,extracellular matrix (III),others,,,,,,,,,,,,,,,,,,,,,
M3,regulation of signal transduction,others,,,,,,,,,,,,,,,,,,,,,
M4.0,cell cycle and transcription,cell cycle,,,,,,,,,,,,,,,,,,,,,
M4.1,cell cycle (I),cell cycle,,,,,,,,,,,,,,,,,,,,,
M4.2,PLK1 signaling events,cell cycle,,,,,,,,,,,,,,,,,,,,,
M4.3,myeloid cell enriched receptors and transporters,myeloid cells/inflammation,,,,,,,,,,,,,,,,,,,,,
M4.4,mitotic cell cycle - DNA replication,cell cycle,,,,,,,,,,,,,,,,,,,,,
M4.5,mitotic cell cycle in stimulated CD4 T cells,T/NK cells,,,,,,,,,,,,,,,,,,,,,
M4.6,cell division in stimulated CD4 T cells,T/NK cells,,,,,,,,,,,,,,,,,,,,,
M4.7,mitotic cell cycle,cell cycle,,,,,,,,,,,,,,,,,,,,,
M4.8,cell division - E2F transcription network,cell cycle,,,,,,,,,,,,,,,,,,,,,
M4.9,mitotic cell cycle in stimulated CD4 T cells,T/NK cells,,,,,,,,,,,,,,,,,,,,,
M4.10,cell cycle (II),cell cycle,,,,,,,,,,,,,,,,,,,,,
M4.11,mitotic cell cycle in stimulated CD4 T cells,T/NK cells,,,,,,,,,,,,,,,,,,,,,
M4.12,C-MYC transcriptional network,cell cycle,,,,,,,,,,,,,,,,,,,,,
M4.13,cell junction (GO),others,,,,,,,,,,,,,,,,,,,,,
M4.14,Rho GTPase cycle,cell cycle,,,,,,,,,,,,,,,,,,,,,
M4.15,enriched in monocytes (I),myeloid cells/inflammation,,,,,,,,,,,,,,,,,,,,,
M5.0,regulation of antigen presentation and immune response,DC/antigen presentation,,,,,,,,,,,,,,,,,,,,,
M5.1,T cell activation and signaling,T/NK cells,,,,,,,,,,,,,,,,,,,,,
M6,mitotic cell division,cell cycle,,,,,,,,,,,,,,,,,,,,,
M7.0,enriched in T cells (I),T/NK cells,,,,,,,,,,,,,,,,,,,,,
M7.1,T cell activation (I),T/NK cells,,,,,,,,,,,,,,,,,,,,,
M7.2,enriched in NK cells (I),T/NK cells,,,,,,,,,,,,,,,,,,,,,
M7.3,T cell activation (II),T/NK cells,,,,,,,,,,,,,,,,,,,,,
M7.4,T cell activation (III),T/NK cells,,,,,,,,,,,,,,,,,,,,,
M8,E2F transcription factor network,cell cycle,,,,,,,,,,,,,,,,,,,,,
M9,B cell development,B cells,,,,,,,,,,,,,,,,,,,,,
M10.0,E2F1 targets (Q3),cell cycle,,,,,,,,,,,,,,,,,,,,,
M10.1,E2F1 targets (Q4),cell cycle,,,,,,,,,,,,,,,,,,,,,
M11.0,enriched in monocytes (II),myeloid cells/inflammation,,,,,,,,,,,,,,,,,,,,,
M11.1,blood coagulation,myeloid cells/inflammation,,,,,,,,,,,,,,,,,,,,,
M11.2,formyl peptide receptor mediated neutrophil response,myeloid cells/inflammation,,,,,,,,,,,,,,,,,,,,,
M12,CD28 costimulation,T/NK cells,,,,,,,,,,,,,,,,,,,,,
M13,innate activation by cytosolic DNA sensing,IFN type I,,,,,,,,,,,,,,,,,,,,,
M14,T cell differentiation,T/NK cells,,,,,,,,,,,,,,,,,,,,,
M15,Ran mediated mitosis,cell cycle,,,,,,,,,,,,,,,,,,,,,
M16,TLR and inflammatory signaling,myeloid cells/inflammation,,,,,,,,,,,,,,,,,,,,,
M17.0,Hox cluster I,others,,,,,,,,,,,,,,,,,,,,,
M17.1,Hox cluster II,others,,,,,,,,,,,,,,,,,,,,,
M17.2,Hox cluster III,others,,,,,,,,,,,,,,,,,,,,,
M17.3,Hox cluster IV,others,,,,,,,,,,,,,,,,,,,,,
M18,T cell differentiation via ITK and PKC,T/NK cells,,,,,,,,,,,,,,,,,,,,,
M19,T cell differentiation (Th2),T/NK cells,,,,,,,,,,,,,,,,,,,,,
M20,AP-1 transcription factor network,cell cycle,,,,,,,,,,,,,,,,,,,,,
M21,cell adhesion (lymphocyte homing),myeloid cells/inflammation,,,,,,,,,,,,,,,,,,,,,
M22.0,mismatch repair (I),cell cycle,,,,,,,,,,,,,,,,,,,,,
M22.1,mismatch repair (II),cell cycle,,,,,,,,,,,,,,,,,,,,,
M23,"RA, WNT, CSF receptors network (monocyte)",myeloid cells/inflammation,,,,,,,,,,,,,,,,,,,,,
M24,"cell activation (IL15, IL23, TNF)",inflammation,,,,,,,,,,,,,,,,,,,,,
M25,TLR8-BAFF network,myeloid cells/inflammation,,,,,,,,,,,,,,,,,,,,,
M26.0,TBA,others,,,,,,,,,,,,,,,,,,,,,
M26.1,TBA,others,,,,,,,,,,,,,,,,,,,,,
M26.2,TBA,others,,,,,,,,,,,,,,,,,,,,,
M27.0,chemokine cluster (I),myeloid cells/inflammation,,,,,,,,,,,,,,,,,,,,,
M27.1,chemokine cluster (II),myeloid cells/inflammation,,,,,,,,,,,,,,,,,,,,,
M28,antigen presentation (lipids and proteins),Dc/antigen presentation,,,,,,,,,,,,,,,,,,,,,
M29,proinflammatory cytokines and chemokines,myeloid cells/inflammation,,,,,,,,,,,,,,,,,,,,,
M30,"cell movement, Adhesion & Platelet activation",myeloid cells/inflammation,,,,,,,,,,,,,,,,,,,,,
M31,cell cycle and growth arrest,cell cycle,,,,,,,,,,,,,,,,,,,,,
M32.0,platelet activation (I),myeloid cells/inflammation,,,,,,,,,,,,,,,,,,,,,
M32.1,platelet activation (II),cell cycle,,,,,,,,,,,,,,,,,,,,,
M32.2,CORO1A-DEF6 network (I),others,,,,,,,,,,,,,,,,,,,,,
M32.3,KLF12 targets network,cell cycle,,,,,,,,,,,,,,,,,,,,,
M32.4,CORO1A-DEF6 network (II),others,,,,,,,,,,,,,,,,,,,,,
M32.5,TBA,others,,,,,,,,,,,,,,,,,,,,,
M32.6,TBA,others,,,,,,,,,,,,,,,,,,,,,
M32.7,TBA,others,,,,,,,,,,,,,,,,,,,,,
M32.8,cytoskeletal remodeling,others,,,,,,,,,,,,,,,,,,,,,
M33,inflammatory response,myeloid cells/inflammation,,,,,,,,,,,,,,,,,,,,,
M34,cytoskeletal remodeling (enriched for SRF targets),others,,,,,,,,,,,,,,,,,,,,,
M35.0,signaling in T cells (I),T/NK cells,,,,,,,,,,,,,,,,,,,,,
M35.1,signaling in T cells (II),T/NK cells,,,,,,,,,,,,,,,,,,,,,
M36,"T cell surface, activation",T/NK cells,,,,,,,,,,,,,,,,,,,,,
M37.0,immune activation - generic cluster,others,,,,,,,,,,,,,,,,,,,,,
M37.1,enriched in neutrophils (I),inflammation,,,,,,,,,,,,,,,,,,,,,
M37.2,endoplasmic reticulum,DC/antigen presentation,,,,,,,,,,,,,,,,,,,,,
M37.3,cell division,cell cycle,,,,,,,,,,,,,,,,,,,,,
M38,chemokines and receptors,inflammation,,,,,,,,,,,,,,,,,,,,,
M39,integrin mediated leukocyte migration,myeloid cells/inflammation,,,,,,,,,,,,,,,,,,,,,
M40,complement and other receptors in DCs,DC/antigen presentation,,,,,,,,,,,,,,,,,,,,,
M41.0,TBA,others,,,,,,,,,,,,,,,,,,,,,
M41.1,TBA,others,,,,,,,,,,,,,,,,,,,,,
M41.2,TBA,others,,,,,,,,,,,,,,,,,,,,,
M41.3,TBA,others,,,,,,,,,,,,,,,,,,,,,
M41.4,ATF targets network,others,,,,,,,,,,,,,,,,,,,,,
M42,platelet activation (III),coa,,,,,,,,,,,,,,,,,,,,,
M43.0,"myeloid, dendritic cell activation via NFkB (I)",DC/antigen presentation,,,,,,,,,,,,,,,,,,,,,
M43.1,"myeloid, dendritic cell activation via NFkB (II)",DC/antigen presentation,,,,,,,,,,,,,,,,,,,,,
M44,T cell signaling and costimulation,T/NK cells,,,,,,,,,,,,,,,,,,,,,
M45,leukocyte activation and migration,myeloid cells/inflammation,,,,,,,,,,,,,,,,,,,,,
M46,cell division stimulated CD4+ T cells,B cells,,,,,,,,,,,,,,,,,,,,,
M47.0,enriched in B cells (I),B cells,,,,,,,,,,,,,,,,,,,,,
M47.1,enriched in B cells (II),B cells,,,,,,,,,,,,,,,,,,,,,
M47.2,enriched in B cells (III),B cells,,,,,,,,,,,,,,,,,,,,,
M47.3,enriched in B cells (IV),B cells,,,,,,,,,,,,,,,,,,,,,
M47.4,enriched in B cells (V),B cells,,,,,,,,,,,,,,,,,,,,,
M48,TBA,others,,,,,,,,,,,,,,,,,,,,,
M49,transcription regulation in cell development,cell cycle,,,,,,,,,,,,,,,,,,,,,
M50,CD1 and other DC receptors,DC/antigen presentation,,,,,,,,,,,,,,,,,,,,,
M51,cell adhesion,Others,,,,,,,,,,,,,,,,,,,,,
M52,T cell activation (IV),T/NK cells,,,,,,,,,,,,,,,,,,,,,
M53,inflammasome receptors and signaling,inflammation,,,,,,,,,,,,,,,,,,,,,
M54,BCR signaling,B cells,,,,,,,,,,,,,,,,,,,,,
M55,TBA,others,,,,,,,,,,,,,,,,,,,,,
M56,suppression of MAPK signaling,others,,,,,,,,,,,,,,,,,,,,,
M57,"immuregulation - monocytes, T and B cells",B cells,,,,,,,,,,,,,,,,,,,,,
M58,B cell development/activation,B cells,,,,,,,,,,,,,,,,,,,,,
M59,"CCR1, 7 and cell signaling",inflammation,,,,,,,,,,,,,,,,,,,,,
M60,lymphocyte generic cluster,others,,,,,,,,,,,,,,,,,,,,,
M61.0,enriched in NK cells (II),Tc/NK,,,,,,,,,,,,,,,,,,,,,
M61.1,enriched in NK cells (KIR cluster),Tc/NK,,,,,,,,,,,,,,,,,,,,,
M61.2,enriched in NK cells (receptor activation),Tc/NK,,,,,,,,,,,,,,,,,,,,,
M62.0,"T & B cell development, activation",others,,,,,,,,,,,,,,,,,,,,,
M62.1,enriched for unknown TF motif CTCNANGTGNY,others,,,,,,,,,,,,,,,,,,,,,
M63,regulation of localization (GO),others,,,,,,,,,,,,,,,,,,,,,
M64,enriched in activated dendritic cells/monocytes,DC/antigen presentation,,,,,,,,,,,,,,,,,,,,,
M65,"IL2, IL7, TCR network",Tc/NK,,,,,,,,,,,,,,,,,,,,,
M66,TBA,others,,,,,,,,,,,,,,,,,,,,,
M67,activated dendritic cells,DC/antigen presentation,,,,,,,,,,,,,,,,,,,,,
M68,RIG-1 like receptor signaling,IFN type I,,,,,,,,,,,,,,,,,,,,,
M69,enriched in B cells (VI),B cells,,,,,,,,,,,,,,,,,,,,,
M70.0,TBA,others,,,,,,,,,,,,,,,,,,,,,
M70.1,TBA,others,,,,,,,,,,,,,,,,,,,,,
M71,enriched in antigen presentation (I),DC/antigen presentation,,,,,,,,,,,,,,,,,,,,,
M72.0,TBA,others,,,,,,,,,,,,,,,,,,,,,
M72.1,TBA,others,,,,,,,,,,,,,,,,,,,,,
M72.2,TBA,others,,,,,,,,,,,,,,,,,,,,,
M73,enriched in monocytes (III),myeloid cells/inflammation,,,,,,,,,,,,,,,,,,,,,
M74,transcriptional targets of glucocorticoid receptor,others,,,,,,,,,,,,,,,,,,,,,
M75,antiviral IFN signature,IFN type I,,,,,,,,,,,,,,,,,,,,,
M76,DNA repair,cell cycle,,,,,,,,,,,,,,,,,,,,,
M77,"collagen, TGFB family et al",others,,,,,,,,,,,,,,,,,,,,,
M78,"myeloid cell cytokines, metallopeptidases and laminins",myeloid cells/inflammation,,,,,,,,,,,,,,,,,,,,,
M79,TBA,others,,,,,,,,,,,,,,,,,,,,,
M80,TBA,others,,,,,,,,,,,,,,,,,,,,,
M81,enriched in myeloid cells and monocytes,myeloid cells/inflammation,,,,,,,,,,,,,,,,,,,,,
M82,"signal transduction, plasma membrane",others,,,,,,,,,,,,,,,,,,,,,
M83,enriched in naive and memory B cells,B cells,,,,,,,,,,,,,,,,,,,,,
M84,integrins and cell adhesion,others,,,,,,,,,,,,,,,,,,,,,
M85,platelet activation and degranulation,myeloid cells/inflammation,,,,,,,,,,,,,,,,,,,,,
M86.0,chemokines and inflammatory molecules in myeloid cells,myeloid cells/inflammation,,,,,,,,,,,,,,,,,,,,,
M86.1,"proinflammatory dendritic cell, myeloid cell response",myeloid cells/inflammation,,,,,,,,,,,,,,,,,,,,,
M87,transmembrane transport (I),DC/antigen presentation,,,,,,,,,,,,,,,,,,,,,
M88.0,leukocyte migration,myeloid cells/inflammation,,,,,,,,,,,,,,,,,,,,,
M88.1,enriched in hepatocyte nuclear factors (I),others,,,,,,,,,,,,,,,,,,,,,
M88.2,enriched in hepatocyte nuclear factors (II),others,,,,,,,,,,,,,,,,,,,,,
M89.0,putative targets of PAX3,others,,,,,,,,,,,,,,,,,,,,,
M89.1,putative targets of PAX3,others,,,,,,,,,,,,,,,,,,,,,
M90,TBA,others,,,,,,,,,,,,,,,,,,,,,
M91,"adhesion and migration, chemotaxis",myeloid cells/inflammation,,,,,,,,,,,,,,,,,,,,,
M92,"lipid metabolism, endoplasmic reticulum",others,,,,,,,,,,,,,,,,,,,,,
M93,TBA,others,,,,,,,,,,,,,,,,,,,,,
M94,"growth factor induced, enriched in nuclear receptor subfamily 4",others,,,,,,,,,,,,,,,,,,,,,
M95.0,enriched in antigen presentation (II),DC/antigen presentation,,,,,,,,,,,,,,,,,,,,,
M95.1,enriched in antigen presentation (III),DC/antigen presentation,,,,,,,,,,,,,,,,,,,,,
M96,Hox cluster V,others,,,,,,,,,,,,,,,,,,,,,
M97,enriched for SMAD2/3 signaling,others,,,,,,,,,,,,,,,,,,,,,
M98.0,TBA,others,,,,,,,,,,,,,,,,,,,,,
M98.1,TBA,others,,,,,,,,,,,,,,,,,,,,,
M99,TBA,others,,,,,,,,,,,,,,,,,,,,,
M100,"MAPK, RAS signaling",others,,,,,,,,,,,,,,,,,,,,,
M101,phosphatidylinositol signaling system,others,,,,,,,,,,,,,,,,,,,,,
M102,TBA,others,,,,,,,,,,,,,,,,,,,,,
M103,cell cycle (III),cell cycle,,,,,,,,,,,,,,,,,,,,,
M104,TBA,others,,,,,,,,,,,,,,,,,,,,,
M105,TBA,others,,,,,,,,,,,,,,,,,,,,,
M106.0,nuclear pore complex,others,,,,,,,,,,,,,,,,,,,,,
M106.1,nuclear pore complex (mitosis),others,,,,,,,,,,,,,,,,,,,,,
M107,Hox cluster VI,others,,,,,,,,,,,,,,,,,,,,,
M108,TBA,others,,,,,,,,,,,,,,,,,,,,,
M109,"receptors, cell migration",myeloid cells/inflammation,,,,,,,,,,,,,,,,,,,,,
M110,axon guidance,others,,,,,,,,,,,,,,,,,,,,,
M111.0,viral sensing & immunity; IRF2 targets network (I),IFN type I,,,,,,,,,,,,,,,,,,,,,
M111.1,viral sensing & immunity; IRF2 targets network (II),IFN type I,,,,,,,,,,,,,,,,,,,,,
M112.0,complement activation (I),myeloid cells/inflammation,,,,,,,,,,,,,,,,,,,,,
M112.1,complement activation (II),myeloid cells/inflammation,,,,,,,,,,,,,,,,,,,,,
M113,golgi membrane (I),others,,,,,,,,,,,,,,,,,,,,,
M114.0,TBA,others,,,,,,,,,,,,,,,,,,,,,
M114.1,glycerophospholipid metabolism,others,,,,,,,,,,,,,,,,,,,,,
M115,cytokines - recepters cluster,myeloid cells/inflammation,,,,,,,,,,,,,,,,,,,,,
M116,TBA,others,,,,,,,,,,,,,,,,,,,,,
M117,cell adhesion (GO),others,,,,,,,,,,,,,,,,,,,,,
M118.0,enriched in monocytes (IV),myeloid cells/inflammation,,,,,,,,,,,,,,,,,,,,,
M118.1,enriched in monocytes (surface),myeloid cells/inflammation,,,,,,,,,,,,,,,,,,,,,
M119,enriched in activated dendritic cells (I),DC/antigen presentation,,,,,,,,,,,,,,,,,,,,,
M120,TBA,others,,,,,,,,,,,,,,,,,,,,,
M121,TBA,others,,,,,,,,,,,,,,,,,,,,,
M122,enriched for cell migration,others,,,,,,,,,,,,,,,,,,,,,
M123,enriched in B cell differentiation,B,,,,,,,,,,,,,,,,,,,,,
M124,enriched in membrane proteins,others,,,,,,,,,,,,,,,,,,,,,
M125,TBA,others,,,,,,,,,,,,,,,,,,,,,
M126,double positive thymocytes,T/NK cells,,,,,,,,,,,,,,,,,,,,,
M127,type I interferon response,IFN type I,,,,,,,,,,,,,,,,,,,,,
M128,TBA,others,,,,,,,,,,,,,,,,,,,,,
M129,inositol phosphate metabolism,others,,,,,,,,,,,,,,,,,,,,,
M130,enriched in G-protein coupled receptors,others,,,,,,,,,,,,,,,,,,,,,
M131,TBA,others,,,,,,,,,,,,,,,,,,,,,
M132,recruitment of neutrophils,myeloid cells/inflammation,,,,,,,,,,,,,,,,,,,,,
M133.0,"cell adhesion, membrane",others,,,,,,,,,,,,,,,,,,,,,
M133.1,cell cell adhesion,others,,,,,,,,,,,,,,,,,,,,,
M134,"Membrane, ER proteins",others,,,,,,,,,,,,,,,,,,,,,
M135.0,enriched in plasma membrane proteins (I),others,,,,,,,,,,,,,,,,,,,,,
M135.1,enriched in plasma membrane proteins (II),others,,,,,,,,,,,,,,,,,,,,,
M136,TBA,others,,,,,,,,,,,,,,,,,,,,,
M137,TBA,others,,,,,,,,,,,,,,,,,,,,,
M138,enriched for ubiquitination,DC/antigen presentation,,,,,,,,,,,,,,,,,,,,,
M139,lysosomal/endosomal proteins,DC/antigen presentation,,,,,,,,,,,,,,,,,,,,,
M140,"extracellular matrix, complement",others,,,,,,,,,,,,,,,,,,,,,
M141,TBA,others,,,,,,,,,,,,,,,,,,,,,
M142,transmembrane and ion transporters (I),others,,,,,,,,,,,,,,,,,,,,,
M143,"nuclear pore, transport; mRNA splicing, processing",others,,,,,,,,,,,,,,,,,,,,,
M144,"cell cycle, ATP binding",cell cycle,,,,,,,,,,,,,,,,,,,,,
M145.0,cytoskeleton/actin (SRF transcription targets),others,,,,,,,,,,,,,,,,,,,,,
M145.1,cytoskeleton/actin (SRF transcription targets),others,,,,,,,,,,,,,,,,,,,,,
M146,MHC-TLR7-TLR8 cluster,DC/antigen presentation,,,,,,,,,,,,,,,,,,,,,
M147,intracellular transport,others,,,,,,,,,,,,,,,,,,,,,
M148,TBA,others,,,,,,,,,,,,,,,,,,,,,
M149,TBA,others,,,,,,,,,,,,,,,,,,,,,
M150,innate antiviral response,IFN type I,,,,,,,,,,,,,,,,,,,,,
M151,TBA,others,,,,,,,,,,,,,,,,,,,,,
M152.0,TBA (source: B cells),others,,,,,,,,,,,,,,,,,,,,,
M152.1,TBA (source: naive B cells),others,,,,,,,,,,,,,,,,,,,,,
M152.2,TBA (source: memory B cells),others,,,,,,,,,,,,,,,,,,,,,
M153,TBA,others,,,,,,,,,,,,,,,,,,,,,
M154.0,amino acid metabolism and transport,others,,,,,,,,,,,,,,,,,,,,,
M154.1,transmembrane transport (SLC cluster),others,,,,,,,,,,,,,,,,,,,,,
M155,G protein coupled receptors cluster,others,,,,,,,,,,,,,,,,,,,,,
M156.0,"plasma cells & B cells, immunoglobulins",B cells,,,,,,,,,,,,,,,,,,,,,
M156.1,"plasma cells, immunoglobulins",B cells,,,,,,,,,,,,,,,,,,,,,
M157,enriched in NK cells (III),Tc/NK,,,,,,,,,,,,,,,,,,,,,
M158.0,interferon alpha response (I),IFN type I,,,,,,,,,,,,,,,,,,,,,
M158.1,interferon alpha response (II),IFN type I,,,,,,,,,,,,,,,,,,,,,
M159,G protein mediated calcium signaling,others,,,,,,,,,,,,,,,,,,,,,
M160,leukocyte differentiation,others,,,,,,,,,,,,,,,,,,,,,
M161,TBA,others,,,,,,,,,,,,,,,,,,,,,
M162.0,"plasma membrane, cell junction",others,,,,,,,,,,,,,,,,,,,,,
M162.1,cell junction,others,,,,,,,,,,,,,,,,,,,,,
M163,enriched in neutrophils (II),myeloid cells/inflammation,,,,,,,,,,,,,,,,,,,,,
M164,xenobiotic metabolism,others,,,,,,,,,,,,,,,,,,,,,
M165,enriched in activated dendritic cells (II),DC/antigen presentation,,,,,,,,,,,,,,,,,,,,,
M166,TBA,others,,,,,,,,,,,,,,,,,,,,,
M167,enriched in cell cycle,cell cycle,,,,,,,,,,,,,,,,,,,,,
M168,enriched in dendritic cells,DC/antigen presentation,,,,,,,,,,,,,,,,,,,,,
M169,mitosis (TF motif CCAATNNSNNNGCG),cell cycle,,,,,,,,,,,,,,,,,,,,,
M170,TBA,others,,,,,,,,,,,,,,,,,,,,,
M171,heme biosynthesis (I),others,,,,,,,,,,,,,,,,,,,,,
M172,enriched for TF motif TTCNRGNNNNTTC,others,,,,,,,,,,,,,,,,,,,,,
M173,erythrocyte differentiation,others,,,,,,,,,,,,,,,,,,,,,
M174,TBA,others,,,,,,,,,,,,,,,,,,,,,
M175,cell development,others,,,,,,,,,,,,,,,,,,,,,
M176,TBA,others,,,,,,,,,,,,,,,,,,,,,
M177.0,TBA,others,,,,,,,,,,,,,,,,,,,,,
M177.1,TBA,others,,,,,,,,,,,,,,,,,,,,,
M178,enriched for promoter motif NATCACGTGAY (putative SREBF1 targets),others,,,,,,,,,,,,,,,,,,,,,
M179,enriched for TF motif PAX3,others,,,,,,,,,,,,,,,,,,,,,
M180,TBA,others,,,,,,,,,,,,,,,,,,,,,
M181,nucleotide metabolism,cell cycle,,,,,,,,,,,,,,,,,,,,,
M182,enriched in DNA interacting proteins,others,,,,,,,,,,,,,,,,,,,,,
M183,TBA,others,,,,,,,,,,,,,,,,,,,,,
M184.0,TBA,others,,,,,,,,,,,,,,,,,,,,,
M184.1,TBA,others,,,,,,,,,,,,,,,,,,,,,
M185,TBA,others,,,,,,,,,,,,,,,,,,,,,
M186,TBA,others,,,,,,,,,,,,,,,,,,,,,
M187,"metabolism in mitochondria, peroxisome",others,,,,,,,,,,,,,,,,,,,,,
M188,TBA,others,,,,,,,,,,,,,,,,,,,,,
M189,extracellular region cluster (GO),others,,,,,,,,,,,,,,,,,,,,,
M190,TBA,others,,,,,,,,,,,,,,,,,,,,,
M191,transmembrane transport (II),others,,,,,,,,,,,,,,,,,,,,,
M192,TBA,others,,,,,,,,,,,,,,,,,,,,,
M193,TBA,others,,,,,,,,,,,,,,,,,,,,,
M194,TBA,others,,,,,,,,,,,,,,,,,,,,,
M195,"muscle contraction, SRF targets",others,,,,,,,,,,,,,,,,,,,,,
M196,platelet activation - actin binding,myeloid cells/inflammation,,,,,,,,,,,,,,,,,,,,,
M197,TBA,others,,,,,,,,,,,,,,,,,,,,,
M198,TBA,others,,,,,,,,,,,,,,,,,,,,,
M199,platelet activation & blood coagulation,myeloid cells/inflammation,,,,,,,,,,,,,,,,,,,,,
M200,antigen processing and presentation,DC/antigen presentation,,,,,,,,,,,,,,,,,,,,,
M201,TBA,others,,,,,,,,,,,,,,,,,,,,,
M202,enriched in extracellular matrix & associated proteins,others,,,,,,,,,,,,,,,,,,,,,
M203,TBA,others,,,,,,,,,,,,,,,,,,,,,
M204.0,chaperonin mediated protein folding (I),others,,,,,,,,,,,,,,,,,,,,,
M204.1,chaperonin mediated protein folding (II),others,,,,,,,,,,,,,,,,,,,,,
M205,TBA,others,,,,,,,,,,,,,,,,,,,,,
M206,Wnt signaling pathway,others,,,,,,,,,,,,,,,,,,,,,
M207,TBA,others,,,,,,,,,,,,,,,,,,,,,
M208,TBA,others,,,,,,,,,,,,,,,,,,,,,
M209,lysosome,DC/antigen presentation,,,,,,,,,,,,,,,,,,,,,
M210,"extracellular matrix, collagen",others,,,,,,,,,,,,,,,,,,,,,
M211,TBA,others,,,,,,,,,,,,,,,,,,,,,
M212,purine nucleotide biosynthesis,others,,,,,,,,,,,,,,,,,,,,,
M213,"regulation of transcription, transcription factors",others,,,,,,,,,,,,,,,,,,,,,
M214,TBA,others,,,,,,,,,,,,,,,,,,,,,
M215,small GTPase mediated signal transduction,others,,,,,,,,,,,,,,,,,,,,,
M216,respiratory electron transport chain (mitochondrion),others,,,,,,,,,,,,,,,,,,,,,
M217,TBA (source: B cells),B cells,,,,,,,,,,,,,,,,,,,,,
M218,TBA,others,,,,,,,,,,,,,,,,,,,,,
M219,respiratory electron transport chain (mitochondrion),others,,,,,,,,,,,,,,,,,,,,,
M220,TBA,others,,,,,,,,,,,,,,,,,,,,,
M221,TBA,others,,,,,,,,,,,,,,,,,,,,,
M222,heme biosynthesis (II),others,,,,,,,,,,,,,,,,,,,,,
M223,enriched in T cells (II),T/NK cells,,,,,,,,,,,,,,,,,,,,,
M224,transmembrane and ion transporters (II),others,,,,,,,,,,,,,,,,,,,,,
M225,metabolism of steroids,others,,,,,,,,,,,,,,,,,,,,,
M226,proteasome,DC/antigen presentation,,,,,,,,,,,,,,,,,,,,,
M227,translation initiation,others,,,,,,,,,,,,,,,,,,,,,
M228,olfactory receptors,others,,,,,,,,,,,,,,,,,,,,,
M229,TBA,others,,,,,,,,,,,,,,,,,,,,,
M230,"cell cycle, mitotic phase",cell cycle,,,,,,,,,,,,,,,,,,,,,
M231,respiratory electron transport chain (mitochondrion),others,,,,,,,,,,,,,,,,,,,,,
M232,enriched for TF motif TNCATNTCCYR,others,,,,,,,,,,,,,,,,,,,,,
M233,TBA,others,,,,,,,,,,,,,,,,,,,,,
M234,"transcription elongation, RNA polymerase II",others,,,,,,,,,,,,,,,,,,,,,
M235,mitochondrial cluster,others,,,,,,,,,,,,,,,,,,,,,
M236,TBA,others,,,,,,,,,,,,,,,,,,,,,
M237,golgi membrane (II),others,,,,,,,,,,,,,,,,,,,,,
M238,respiratory electron transport chain (mitochondrion),others,,,,,,,,,,,,,,,,,,,,,
M239,enriched in calcium signaling proteins,others,,,,,,,,,,,,,,,,,,,,,
M240,chromosome Y linked,others,,,,,,,,,,,,,,,,,,,,,
M241,TBA,others,,,,,,,,,,,,,,,,,,,,,
M242,TBA,others,,,,,,,,,,,,,,,,,,,,,
M243,TBA,others,,,,,,,,,,,,,,,,,,,,,
M244,TBA,others,,,,,,,,,,,,,,,,,,,,,
M245,translation initiation factor 3 complex,others,,,,,,,,,,,,,,,,,,,,,
M246,TBA,others,,,,,,,,,,,,,,,,,,,,,
M247,enriched in nuclear pore complex interacting proteins,others,,,,,,,,,,,,,,,,,,,,,
M248,TBA,others,,,,,,,,,,,,,,,,,,,,,
M249,TBA,others,,,,,,,,,,,,,,,,,,,,,
M250,spliceosome,others,,,,,,,,,,,,,,,,,,,,,
S0,T cell surface signature,T/NK cells,,,,,,,,,,,,,,,,,,,,,
S1,NK cell surface signature,Tc/NK,,,,,,,,,,,,,,,,,,,,,
S2,B cell surface signature,B cells,,,,,,,,,,,,,,,,,,,,,
S3,Plasma cell surface signature,B cells,,,,,,,,,,,,,,,,,,,,,
S4,Monocyte surface signature,myeloid cells/inflammation,,,,,,,,,,,,,,,,,,,,,
S5,DC surface signature,DC/antigen presentation,,,,,,,,,,,,,,,,,,,,,
S6,CD4 T cell surface signature Th1-stimulated,T/NK cells,,,,,,,,,,,,,,,,,,,,,
S7,CD4 T cell surface signature Th2-stimulated,T/NK cells,,,,,,,,,,,,,,,,,,,,,
S8,Naive B cell surface signature,B cells,,,,,,,,,,,,,,,,,,,,,
S9,Memory B cell surface signature,B cells,,,,,,,,,,,,,,,,,,,,,
S10,Resting dendritic cell surface signature,DC/antigen presentation,,,,,,,,,,,,,,,,,,,,,
S11,Activated (LPS) dendritic cell surface signature,DC/antigen presentation,,,,,,,,,,,,,,,,,,,,,